author_fullname,text,is_video,title,is_original_content,media_embed
t2_14d0vm,na,True,best christmas decoration of all time,0.88,False,{}
t2_shho9,na,True,the help me christmas decoration,0.88,False,{}
t2_80h7dilz,na,False,omg,0.98,False,{}
t2_1a8xg4al,na,False,this is beautiful god bless this teacher,0.96,False,{}
t2_2kx65v7k,na,False,well that escalated quickly,0.95,False,{}
t2_29srk41e,as the title says i dispatch for 911 last night i got a call for a domestic disturbance the woman calling was so scared she kept saying he s gonna kill me he s gonna fucking kill me i went through my protocol and tried to keep her calm dispatchers have a system called proqa that gives guidance on what to do in certain situations i followed that and had the police and ambulance en route as soon as possible i tried to tell her to get to a safe place and kept assuring her help was on the way she said she had locked herself in the bathroom i could hear him pounding on the door yelling you re dead i m gonna fucking kill you i did everything i could i tried to keep her calm and help her but she was trapped i told her i was here for her and she wasn t alone she told me about her child a 4 year old girl and that she wasn t going to leave her time seemed to drag on i checked with my officers who were only 2 minutes out and i felt some relief i just knew she was going to be okay until i heard the sound of the door being kicked down all she said was god help me and the most haunting scream i have ever heard and dropped the phone 3 shots followed and i never heard from her again my crews arrived on scene and the husband was detained she was dead one shot to the head two to the chest i cannot stop replaying our conversation i can t get her fear and screams out of my head i knew what i was getting into when i took this job i just feel so helpless and sad i have an appointment with our work grief counseling monday anyways thanks for listening just needed to tell someone ,False,i m a 911 dispatcher last night i heard a murder and i feel really messed up ,0.97,False,{}
t2_g1xbntbm,na,True,holiday doppelgangers ,0.98,False,{}
t2_499ajl1,na,False,russian court accidentally documents moscow s military presence in donbas,0.97,False,{}
t2_bmy9vmvm,na,False,o_o,0.97,False,{}
t2_afxum,the pain scale isn t necessarily used only to tell us how bad your pain is it s supposed to be used to tell us whether your pain is getting better or worse if a patient says their pain is a 7 in triage and later says it s pushing a 9 that x ray or ct scan might get expedited but if your constantly barking 10 or 1 000 your comments aren t going to be taken seriously a good nurse knows a 10 when they see it and if you walked in you are not in 10 10 pain that guy from saving private ryan with his legs blown off on normandy beach screaming for his momma that dude is in 10 10 pain also kidney stones ,False,lpt when a nurse asks you to rate your pain on a scale of 1 10 never say 10 ,0.95,False,{}
t2_2cfvzpzq,na,True,guy demonstrates how to create a custom ambigram,0.94,False,{}
t2_r4z150l,na,False,time to find a new hobby,0.96,False,{}
t2_2vdtqcmq,na,False,a taste for black coffee and dark chocolate is possibly a genetic trait a new study reports coffee drinkers who have a genetic variant that reflects faster caffeine metabolism prefer bitter black coffee the same genetic variant is found in those who prefer dark chocolate ,0.96,False,{}
t2_989sa,na,False,washington state senator doug ericksen dead from covid at age 52,0.96,False,{}
t2_6x7lqmkj,na,False,it s working keep up the good work guys ,0.95,False,{}
t2_2k4msgx6,na,True,soda out here doing god s work,0.95,False,{}
t2_4q0qi5tt,na,False,mans just got annihilated ,0.9,False,{}
t2_e5dvn91x,na,True,1 year ago we rescued a stray kitten and now she loves going outside for walks,0.96,False,{}
t2_dvhb0,na,False,yes seth ,0.87,False,{}
t2_ce15b1vp,na,False,which one of these is your favorite,0.89,False,{}
t2_5qsl4,na,False,only the truly skilled can go through life on hard ,0.97,False,{}
t2_69wxpvad,not the stock the actual company if we all get together and own 51 then we will own this entire website we could make the rules profit from the advertising and finally get paid for the memes we make i ve even come up with a list of things we could do as new owners 1 reddit mods can apply for paid internships at reddit this is much closer to having a real job than what they currently do and would benefit the organization 2 your flair is your official title at the company ie instead of cfo you ll be potatofart 3 nsfw posts will receive special protections and if you happen to work in our new skyscraper then nsfw posts are automatically considered sfw 4 everyone gets a turn in the corporate jet 5 elon becomes a mod he can also apply to become a paid intern 6 we have a monthly party on our company yacht the s s visualmod 7 our corporate cafeteria is a dining hall with fast food restaurants along the side but they re all wendy s i think this is a great idea keep it high and tight ,False,we should buy reddit ,0.93,False,{}
t2_6lc3xo5f,na,False,my parents decided to adopt a family member today any name suggestions ,0.93,False,{}
t2_175lpk3j,na,False,aoc pushed back on nancy pelosi s stance against banning congressional stock trading we write major policy and have access to sensitive information ,0.96,False,{}
t2_ktigd1,na,True,climbing a desk tower,0.96,False,{}
